,JAN,FEB,MAR,APR,MAY,JUN,JUL,AUG,SEP,OCT,NOV,DEC,EOY
2020,0.0,0.0,0.0,0.0,0.0,0.0,2.630654598098925,-0.01664039363187264,-1.0447005993414415,-0.11735902762549655,-1.346878079686098,1.7253110507107872,1.7826510467407575
2021,0.5512539214106216,9.98782347760323,4.662734427338866,6.450315188718969,6.01913394127338,-3.492952993673737,3.718910266681408,5.892817880571366,-7.9111754832247305,11.309748988384417,-0.11401507331277871,-1.9296351292843905,39.03410235981626
2022,-5.784961536477418,-1.895255902884907,6.231799761063916,-2.823346474994981,0.04540593159427786,1.1308751994287158,0.5822013460206055,-0.7318815371388898,-0.7125408656272647,-0.42907754583688673,2.0876320071745003,0.7439829996716218,-1.9928556699394417
2023,1.42309126845801,-1.3551811655640678,1.9581828783821864,1.233348203521878,15.628261181480374,4.457890053631264,8.746109628141486,-0.5378566308642307,-4.011919946128262,-2.6033498171848635,6.98347731648048,3.667070079297541,39.878980054906535
2024,5.89687783294226,6.423565116502128,5.9037580544839985,-4.381628799508864,4.092219679392373,0.2118761277813963,-4.056984713907119,6.927883201399565,-2.092892574663374,0.05774081056681979,14.405130720815219,-2.5341034672018092,33.40698338569681
2025,4.877593024602556,3.7451942984616293,-4.455878012112335,2.336385402919672,0.04152203557097334,0.12341283080308241,5.320600699756617,-3.5876858118949806,7.731383783415868,-0.6617726775698607,0.0,0.0,15.79909389392884
