Metric,Value
Total Return (%),183.3697051776324
CAGR (%),19.77842515621029
Sharpe,1.4606335418317105
Sortino,1.6666950907211582
Max DD (%),-24.328611531934087
Calmar,0.8129697467629357
Best Month (%),20.83438906424522
Worst Month (%),-8.00990182354997
Win Rate (%),56.52173913043478
SPY Return (%),118.70955377881351
Outperformance (%),64.66015139881888
