Metric,Value
Total Return (%),183.42021341998458
CAGR (%),19.78212407722817
Sharpe,1.4556752054066897
Sortino,1.6606712731097462
Max DD (%),-24.32980359178457
Calmar,0.8130819471106616
Best Month (%),20.81487328997693
Worst Month (%),-8.009921520121033
Win Rate (%),56.52173913043478
SPY Return (%),118.70950907042817
Outperformance (%),64.71070434955641
