Metric,Value
Total Return (%),183.3698362787585
CAGR (%),19.778434757976736
Sharpe,1.4606339873209504
Sortino,1.666695623903441
Max DD (%),-24.328608385746275
Calmar,0.8129702465663672
Best Month (%),20.83439691237363
Worst Month (%),-8.009899813611753
Win Rate (%),56.52173913043478
SPY Return (%),118.70957613301303
Outperformance (%),64.66026014574547
