Metric,Value
Total Return (%),182.74327867339127
CAGR (%),19.732504071862202
Sharpe,1.2110513264908236
Sortino,1.6621010569275037
Max DD (%),-24.441781151298592
Calmar,0.8073267635330993
Best Month (%),20.891410708818412
Worst Month (%),-7.983408217480104
Win Rate (%),57.971014492753625
SPY Return (%),118.70950907042817
Outperformance (%),64.0337696029631
