Metric,Value
Total Return (%),199.70144298146283
CAGR (%),20.947016486162774
Sharpe,1.3602722584897013
Sortino,1.8161660520795655
Max DD (%),-14.670302647727896
Calmar,1.4278516939394568
Best Month (%),15.628251066282406
Worst Month (%),-7.911163010148359
Win Rate (%),56.52173913043478
SPY Return (%),118.70950907042817
Outperformance (%),80.99193391103466
