strategy,bear_asset,allocation,total_return,final_value,sharpe,max_drawdown,trades,win_rate,profit_factor
Original (Cash),Cash,0.0,177.60638774865018,27760.63877486502,0.9477679973001187,-31.260499054725454,3050,66.19672131147541,2.6412161825840803
GLD 25%,GLD,0.25,153.16161365083622,25316.16136508362,1.043900977768353,-28.665367041408928,2479,63.89673255344898,3.828033551788779
GLD 50%,GLD,0.5,175.0915545975269,27509.15545975269,1.108547120212088,-28.029452147186195,2477,63.50423899878885,4.07563856841618
GLD 75%,GLD,0.75,200.02926463544011,30002.92646354401,1.1632651198349235,-28.681506644885456,2473,63.12171451678124,4.349059460849479
GLD 100%,GLD,1.0,228.56372256462865,32856.37225646286,1.2087994352068836,-32.38448341424389,2178,63.31496786042241,4.675256909012085
