strategy_id,params,total_return,sharpe_ratio,max_drawdown,win_rate,num_trades,profit_factor,avg_trade,trades_per_year
3,"{'type': 'Breakout', 'lookback': 10, 'breakout_pct': 2.0}",776.2992155005539,1.3574172502133015,-41.045099261278985,0.7058823529411765,17,7.467440644035196,4566.465973532671,0.008885072704534
7,"{'type': 'Breakout', 'lookback': 20, 'breakout_pct': 2.0}",530.9275925823835,1.2475602328826496,-44.229776858266334,0.6428571428571429,14,7.199576100838988,3792.3399470170248,0.007317118697851529
11,"{'type': 'Breakout', 'lookback': 30, 'breakout_pct': 2.0}",530.9275925823835,1.2475602328826496,-44.229776858266334,0.6428571428571429,14,7.199576100838988,3792.3399470170248,0.007317118697851529
15,"{'type': 'Breakout', 'lookback': 50, 'breakout_pct': 2.0}",530.9275925823835,1.2475602328826496,-44.229776858266334,0.6428571428571429,14,7.199576100838988,3792.3399470170248,0.007317118697851529
1,"{'type': 'Breakout', 'lookback': 10, 'breakout_pct': 1.0}",407.3886967434976,1.0011574249367092,-49.50060213637242,0.4925373134328358,134,1.533833395763846,304.021415480222,0.07003527896515035
