Strategy,Total Return (%),Annualized (%),Sharpe,Max DD (%),Win Rate (%)
Pure Fixed (Baseline),368.7198281653204,44.59860813282837,0.7319469530665679,63.365947338221964,
Pure Dynamic TQS,137.5415253398768,22.941527877320066,0.604212069352532,63.577951683924226,51.37546468401487
Hybrid 70/30 TQS,2046.190955191441,107.92331088927165,1.5371736541400762,47.25635760329359,68.72231686541738
