Metric,BSS,TQS,Difference
Final Value ($),13375.16078103999,14168.475090857924,793.3143098179353
Total Return (%),167.5032156207998,183.36950181715846,15.866286196358658
CAGR (%),18.58852202251633,19.77841026220608,1.1898882396897505
Sharpe Ratio,1.3282232910052054,1.460632635578032,0.1324093445728265
Sortino Ratio,1.5005590301933664,1.6666935427607072,0.1661345125673408
Max Drawdown (%),-26.907665577761406,-24.328669897358147,2.57899568040326
Calmar Ratio,0.6908262617132916,0.812967184217244,0.12214092250395236
Best Month (%),20.025707512494417,20.834369979755852,0.8086624672614349
Worst Month (%),-7.723814164494924,-8.009924117379963,-0.28610995288503904
