Metric,BSS,TQS,Difference
Final Value ($),13193.389433569006,14137.175046539302,943.7856129702959
Total Return (%),163.8677886713801,182.743500930786,18.8757122594059
CAGR (%),18.307693068149987,19.732520379665775,1.424827311515788
Sharpe Ratio,1.091330389634031,1.211051962026095,0.11972157239206416
Sortino Ratio,1.4810858873807529,1.6621023119695402,0.1810164245887873
Max Drawdown (%),-27.686151546451065,-24.441781010801655,3.2443705356494092
Calmar Ratio,0.6612581397394233,0.807327435383915,0.14606929564449178
Best Month (%),20.079756273996896,20.89139211710618,0.8116358431092827
Worst Month (%),-7.704483661082929,-7.983391613898172,-0.27890795281524383
