Metric,BSS,TQS,Difference
Final Value ($),13483.020792597095,14985.070475398841,1502.0496828017458
Total Return (%),169.6604158519419,199.70140950797682,30.040993656034914
CAGR (%),18.75367282711762,20.947014145564367,2.1933413184467483
Sharpe Ratio,1.2169143376026992,1.360272205070353,0.1433578674676539
Sortino Ratio,1.6391585788022354,1.816165598702361,0.17700701990012568
Max Drawdown (%),-18.64014956250102,-14.67030944760892,3.969840114892099
Calmar Ratio,1.0060902550291215,1.4278508725648233,0.4217606175357018
Best Month (%),16.004717553746197,15.628254939640684,-0.3764626141055132
Worst Month (%),-7.962267552414781,-7.911171844222631,0.05109570819215037
