Strategy,Total_Deposited,Final_Value,Total_Profit,ROI_Pct,Max_Drawdown_Pct,CAGR_Pct,Num_Deposits
Fixed Monthly ($1k),73000,126781.50082794332,53781.500827943324,73.67328880540181,-23.53055469833798,75.61435925601101,68
Bull Market Only,72000,123863.63841489393,51863.638414893925,72.03283113179711,-39.256478341253654,74.90359331628662,43
Buy the Dip,68000,114029.58451865875,46029.584518658754,67.69056546861582,-26.849299076091427,72.40155715742932,24
Double Down in Bear,89000,154199.25461639854,65199.25461639854,73.25758945662757,-21.981915739050816,81.70617984880109,64
Lump Sum (Day 1),5000,13902.96693997893,8902.96693997893,178.05933879957863,-39.256478341253654,19.4974700968227,0
Quarterly Deposits,70000,121863.63841489393,51863.638414893925,74.09091202127703,-39.256478341253654,74.4083812763388,18
