Method,Total_Return,Max_Drawdown,Final_Value
Manual Backtest,438.83093087206186,-39.25647850978024,538830.9308720619
VectorBT,658.770583616427,-39.40018781014968,758770.583616427
