Method,Final_Value,Total_Return,Max_DD,Sharpe
Fixed Universe,1013828.3615785241,913.8283615785241,-76.63456370856908,1.088430874848517
Pure ROC,373448.10781297815,273.44810781297815,-25.494618670881597,0.9141134056746101
Pure Relative Strength,135777.48306166448,35.777483061664476,-79.17916993687683,0.44248158718315617
Pure Breakout,81549.17058433914,-18.45082941566086,-92.18236711093503,0.4228062546734449
