Approach,Final_Value,Total_Return_Pct,Annualized_Pct,Max_Drawdown_Pct,Sharpe_Ratio,Universe_Changes
Fixed Universe,1013828.3615785241,913.8283615785241,58.884929264176456,-76.63456370856908,1.088430874848517,0
Quarterly Rebalancing,135777.48306166448,35.777483061664476,6.304341663362889,-79.17916993687683,0.44248158718315617,18
